发个话题,publish notice
今天学校检查违禁品，请整理好自己的东西,publish notice
企业版,publish notice
自邮之翼,publish notice
通知所有人,publish notice
帮我在freeshare发个话题,publish notice
提醒下ch让他别忘了周三的会议,publish notice
发在企业版,publish notice
自邮之翼小组,publish notice
在freeshare通知大家明天下雨，记得带伞,publish notice
企业版，自邮之翼小组,publish notice
在企业版自邮之翼小组发话题，内容是请ch及时提交中期检查报告,publish notice
在freeshare告诉ch和nn下午早点来实验室,publish notice
帮我发在企业版的自邮之翼小组就行了,publish notice
我想在freeshare上发个话题,publish notice
告诉nn，明天的会议取消了,publish notice
在企业版，自邮之翼小组,publish notice
我要在freeshare发话题,publish notice
明天上午在大会堂见面,publish notice
发在自邮之翼小组，企业版,publish notice
在企业版自邮之翼小组发一条通知，告诉nn下午来实验室,publish notice
在freeshare企业版发布话题，通知ch记录会议摘要,publish notice
自邮之翼,publish notice
我想要在freeshare上发布一个话题,publish notice
内容是失恋了好伤心,publish notice
发布在企业版，自邮之翼小组,publish notice
帮我一个忙，在freeshare企业版上发布一个话题,publish notice
下午在哪儿开会,publish notice
自邮之翼小组,publish notice
发布一个话题,publish notice
在企业版，自邮之翼小组,publish notice
有没有人愿意周末去爬山,publish notice
通知下ch,publish notice
想在freeshare上问一下送哪种花给女友最好,publish notice
发在企业版,publish notice
自邮之翼小组吧,publish notice
在freeshare上问下大家，哪种颜色的口红最好,publish notice
发布在企业版，自邮之翼小组,publish notice
在freeshare发个话题,publish notice
内容是晚上天冷，记得盖被子,publish notice
提醒ch,publish notice
发在自邮之翼小组，企业版,publish notice
在企业版自邮之翼小组提醒ch明天别忘了带准考证,publish notice
在企业版自邮之翼小组上提醒ch和ni下次会议别忘了交报告,publish notice
能帮我发布一个话题吗,publish notice
发在个人版,publish notice
内容是天气很好呀，好想去郊游,publish notice
自邮之翼小组,publish notice
在freeshare上发布话题,publish notice
告诉ch，我们要发财啦,publish notice
发布在个人版，自邮之翼小组,publish notice
在freeshare上通知ch下午来实验室,publish notice
发在企业版，自邮之翼小组,publish notice
在freeshare上告诉ch明天不用来实验室,publish notice
企业版,publish notice
自邮之翼小组,publish notice
在freeshare的企业版自邮之翼小组上通知ch下午来实验室,publish notice
在企业版自邮之翼小组上发布一个话题,publish notice
让ch下午来实验室,publish notice
帮我在freeshare发个话题,publish notice
下午大家都别来实验室了,publish notice
企业版自邮之翼小组,publish notice
通知所有人,publish notice
帮我在企业版自邮之翼小组发布一个话题，求spring资料，通知ch,publish notice
能在freeshare上发一个话题吗,publish notice
未来的路怎么走,publish notice
发布在企业版自邮之翼小组,publish notice
在企业版自邮之翼小组发一个话题,publish notice
如何加入资料收集小组,publish notice
通知ch,publish notice
把下午三点开会发布在freeshare企业版自邮之翼小组上，通知ch,publish notice
在企业版自邮之翼小组发布一个话题，如何跳转到个人版,publish notice
能不能在freeshare企业版上发布一个话题,publish notice
内容是外来的和尚好念经,publish notice
发在自邮之翼小组,publish notice
通知ch,
